Course Title,Course Rating,Course Enrollment,Course URL
The Science of Well-Being,4.9,2m,/learn/the-science-of-well-being
IBM Data Science,4.6,410k,/professional-certificates/ibm-data-science
Introduction to Data Science,4.6,260k,/specializations/introduction-data-science
N / A,N / A,N / A,N / A
Google IT Support,4.8,290k,/professional-certificates/google-it-support
Python for Everybody,4.8,1.2m,/specializations/python
Deep Learning,4.8,610k,/specializations/deep-learning
N / A,N / A,N / A,N / A
Machine Learning,4.9,3m,/learn/machine-learning
Business Foundations,4.7,480k,/specializations/wharton-business-foundations
Applied Data Science,4.6,190k,/specializations/applied-data-science
TensorFlow in Practice,4.7,150k,/specializations/tensorflow-in-practice
IBM Applied AI,4.6,180k,/professional-certificates/applied-artifical-intelligence-ibm-watson-ai
Data Science,4.5,780k,/specializations/jhu-data-science
Financial Markets,4.8,330k,/learn/financial-markets-global
Data Science: Foundations using R,4.5,690k,/specializations/data-science-foundations-r
Epidemiology in Public Health Practice,4.7,25k,/specializations/professional-epidemiology
Finance & Quantitative Modeling for Analysts,4.5,250k,/specializations/finance-quantitative-modeling-analysts
Excel Skills for Business,4.9,170k,/specializations/excel
Google IT Automation with Python,4.7,52k,/professional-certificates/google-it-automation
Business Analytics,4.6,270k,/specializations/business-analytics
Applied Data Science with Python,4.5,420k,/specializations/data-science-python
Business and Financial Modeling,4.5,150k,/specializations/wharton-business-financial-modeling
Cloud Architecture with Google Cloud,4.7,260k,/professional-certificates/gcp-cloud-architect
Entrepreneurship,4.8,100k,/specializations/wharton-entrepreneurship
IBM AI Engineering,4.7,110k,/professional-certificates/ai-engineer
Introduction to Psychology,4.9,170k,/learn/introduction-psychology
Architecting with Google Compute Engine,4.7,260k,/specializations/gcp-architecture
Cloud Engineering with Google Cloud,4.7,260k,/professional-certificates/cloud-engineering-gcp
Graphic Design,4.7,290k,/specializations/graphic-design
Digital Marketing,4.6,340k,/specializations/digital-marketing
Foundations of Positive Psychology,4.8,80k,/specializations/positivepsychology
Python 3 Programming,4.7,86k,/specializations/python-3-programming
Introduction to Negotiation: A Strategic Playbook for Becoming a Principled and Persuasive Negotiator,4.8,200k,/learn/negotiation
Primeros Auxilios Psicológicos (PAP),4.8,240k,/learn/pap
Project Management Principles and Practices,4.7,200k,/specializations/project-management
Project Management & Other Tools for Career Development,4.6,410k,/specializations/project-management-success
Technical Support Fundamentals,4.8,220k,/learn/technical-support-fundamentals
Viral Marketing and How to Craft Contagious Content,4.7,130k,/learn/wharton-contagious-viral-marketing
Architecting with Google Kubernetes Engine,4.7,250k,/specializations/architecting-google-kubernetes-engine
Psychological First Aid,4.8,140k,/learn/psychological-first-aid
Developing Applications with Google Cloud Platform,4.7,250k,/specializations/developing-apps-gcp
Achieving Personal and Professional Success,4.7,90k,/specializations/wharton-success
Data Engineering with Google Cloud,4.6,110k,/professional-certificates/gcp-data-engineering
Excel to MySQL: Analytic Techniques for Business,4.6,460k,/specializations/excel-mysql
Improve Your English Communication Skills,4.7,510k,/specializations/improve-english
Security in Google Cloud Platform,4.7,250k,/specializations/security-google-cloud-platform
"Data Engineering, Big Data, and Machine Learning on GCP",4.6,100k,/specializations/gcp-data-machine-learning
Networking in Google Cloud,4.7,250k,/specializations/networking-google-cloud-platform
Data Analysis and Presentation Skills: the PwC Approach,4.6,200k,/specializations/pwc-analytics
Construction Management,4.7,54k,/specializations/construction-management
Successful Negotiation: Essential Strategies and Skills,4.8,660k,/learn/negotiation-skills
Programming for Everybody (Getting Started with Python),4.8,1.1m,/learn/python
Java Programming and Software Engineering Fundamentals,4.6,340k,/specializations/java-programming
AI For Everyone,4.8,260k,/learn/ai-for-everyone
Career Success,4.4,750k,/specializations/career-success
UI / UX Design,4.8,53k,/specializations/ui-ux-design
Mathematics for Machine Learning,4.6,130k,/specializations/mathematics-machine-learning
Software Product Management,4.6,110k,/specializations/product-management
Digital Transformation,4.8,54k,/learn/bcg-uva-darden-digital-transformation
Web Design for Everybody: Basics of Web Development & Coding,4.7,230k,/specializations/web-design
Arizona State University TESOL,4.9,140k,/professional-certificates/arizona-state-university-tesol
AI Foundations for Everyone,4.7,49k,/specializations/ai-foundations-for-everyone
UCI Project Management,4.6,N / A,/professional-certificate/applied-project-management
Genomic Data Science,4.4,75k,/specializations/genomic-data-science
Reinforcement Learning,4.7,19k,/specializations/reinforcement-learning
Neural Networks and Deep Learning,4.9,550k,/learn/neural-networks-deep-learning
Data Visualization with Tableau,4.5,86k,/specializations/data-visualization
Human Resource Management: HR for People Managers,4.7,84k,/specializations/human-resource-management
Become a CBRS Certified Professional Installer by Google,4.9,N / A,/learn/google-cbrs-cpi-training
Search Engine Optimization (SEO),4.6,100k,/specializations/seo
The Business of Health Care,4.6,18k,/specializations/healthcare-administration-management
Social Media Marketing,4.6,120k,/specializations/social-media-marketing
Learn SQL Basics for Data Science,4.6,140k,/specializations/learn-sql-basics-data-science
Supply Chain Management,4.7,67k,/specializations/supply-chain-management
Neurolinguistics,N / A,33k,/learn/neuroling
Academic English: Writing,4.7,490k,/specializations/academic-english
Management of Fashion and Luxury Companies,4.7,110k,/learn/mafash
What is Data Science?,4.7,220k,/learn/what-is-datascience
"TESOL Certificate, Part 1: Teach English Now!",4.9,100k,/specializations/tesol
Fintech: Foundations & Applications of Financial Technology,4.6,16k,/specializations/wharton-fintech
Creative Writing,4.6,130k,/specializations/creative-writing
Algorithms,4.8,140k,/specializations/algorithms
Stanford Introduction to Food and Health,4.7,320k,/learn/food-and-health
Fundamentals of Project Planning and Management,4.7,110k,/learn/uva-darden-project-management
Leading People and Teams,4.7,200k,/specializations/leading-teams
Methods and Statistics in Social Sciences,4.7,250k,/specializations/social-science
Statistics with R,4.7,210k,/specializations/statistics
Geographic Information Systems  (GIS),4.8,89k,/specializations/gis
Social Psychology,4.8,130k,/learn/social-psychology
Investment Management,4.7,90k,/specializations/investment-management
Regulatory Compliance,4.8,9.6k,/specializations/regulatory-compliance
Data Structures and Algorithms,4.6,270k,/specializations/data-structures-algorithms
Advanced Machine Learning,4.5,160k,/specializations/aml
Design Thinking for Innovation,4.6,220k,/learn/uva-darden-design-thinking-innovation
Object Oriented Programming in Java,4.7,300k,/specializations/object-oriented-programming
Full-Stack Web Development with React,4.8,110k,/specializations/full-stack-react
Learning How to Learn: Powerful mental tools to help you master tough subjects,4.8,2.1m,/learn/learning-how-to-learn
Agile Development,4.7,92k,/specializations/agile-development
Financial Accounting Fundamentals,4.8,52k,/learn/uva-darden-financial-accounting
Writing in the Sciences,4.9,110k,/learn/sciwrite
The DIY Musician,4.8,110k,/specializations/diy-musician
Indigenous Canada,4.8,46k,/learn/indigenous-canada
Functional Programming in Scala,4.7,220k,/specializations/scala
(ISC)² Systems Security Certified Practitioner (SSCP),4.7,4.6k,/specializations/sscp-training
Essential Epidemiologic Tools for Public Health Practice,4.7,9.3k,/learn/epidemiology-tools
Cisco Networking Basics,4.7,51k,/specializations/networking-basics
Seeing Through Photographs,4.8,270k,/learn/photography
Business Statistics and Analysis,4.7,100k,/specializations/business-statistics-analysis
Statistics with Python,4.6,27k,/specializations/statistics-with-python
An Introduction to American Law,4.8,95k,/learn/american-law
Машинное обучение и анализ данных,4.7,74k,/specializations/machine-learning-data-analysis
Full Stack Web and Multiplatform Mobile App Development,4.8,120k,/specializations/full-stack-mobile-app-development
Modern Art & Ideas,4.7,240k,/learn/modern-art-ideas
Learn Spanish: Basic Spanish Vocabulary,4.6,63k,/specializations/learn-spanish
Python Data Structures,4.9,350k,/learn/python-data
User Experience Research and Design,4.8,18k,/specializations/michiganux
Introduction to Marketing,4.8,210k,/learn/wharton-marketing
Excel Skills for Business: Essentials,4.9,140k,/learn/excel-essentials
G Suite Administration,4.7,7.4k,/specializations/g-suite-administration
Music Production,4.8,63k,/specializations/music-production
Managing Innovation and Design Thinking,4.7,18k,/specializations/managing-innovation-design-thinking
Fundamentals of Immunology,4.7,15k,/specializations/immunology
"Brand Management: Aligning Business, Brand and Behaviour",4.9,34k,/learn/brand
Fashion as Design,4.8,110k,/learn/fashion-design
The Business of Music Production,4.8,78k,/specializations/business-music-production
Strategic Leadership and Management,4.7,89k,/specializations/strategic-leadership
Open Source tools for Data Science,4.6,98k,/learn/open-source-tools-for-data-science
"Introduction to TensorFlow for Artificial Intelligence, Machine Learning, and Deep Learning",4.7,130k,/learn/introduction-tensorflow
Vital Signs: Understanding What the Body Is Telling Us,4.8,170k,/learn/vital-signs
Excel/VBA for Creative Problem Solving,4.8,49k,/specializations/excel-vba-creative-problem-solving
Gamification,4.8,110k,/learn/gamification
The Art of Sales: Mastering the Selling Process,4.7,20k,/specializations/the-art-of-sales-mastering-the-selling-process
Photography Basics and Beyond: From Smartphone to DSLR,4.7,150k,/specializations/photography-basics
Blockchain Revolution,4.7,15k,/specializations/blockchain-revolution-enterprise
Big Data,4.5,180k,/specializations/big-data
Machine Learning with TensorFlow on Google Cloud Platform,4.5,65k,/specializations/machine-learning-tensorflow-gcp
The Bits and Bytes of Computer Networking,4.7,110k,/learn/computer-networking
Accelerated Computer Science Fundamentals,4.7,16k,/specializations/cs-fundamentals
Moral Foundations of Politics,4.8,85k,/learn/moral-politics
Camino a la Excelencia en Gestión de Proyectos,4.7,180k,/learn/camino-excelencia-gestion-proyectos
Private Equity and Venture Capital,4.8,70k,/learn/private-equity
Organizational Leadership,4.6,87k,/specializations/organizational-leadership
Business Strategy,4.7,83k,/specializations/business-strategy
Culture-Driven Team Building,4.6,16k,/specializations/team-building
"Improving Deep Neural Networks: Hyperparameter tuning, Regularization and Optimization",4.9,250k,/learn/deep-neural-network
Electronic Music Production,4.8,100k,/specializations/electronic-music-production
Biostatistics in Public Health,4.8,11k,/specializations/biostatistics-public-health
What Is Contemporary Art?,4.6,60k,/learn/contemporary-art
Python for Data Science and AI,4.6,140k,/learn/python-for-applied-data-science-ai
Executive Data Science,4.5,160k,/specializations/executive-data-science
Anatomy,4.8,22k,/specializations/anatomy
Fundamentals of Computing,4.8,190k,/specializations/computer-fundamentals
Introduction to the Biology of Cancer,4.8,98k,/learn/cancer
Futures Thinking,4.8,7.1k,/specializations/futures-thinking
Business Strategies for A Better World,4.7,21k,/specializations/wharton-global-business-strategy
SAS Programmer,4.8,20k,/professional-certificates/sas-programming
English for Career Development,4.8,600k,/learn/careerdevelopment
Financial Engineering and Risk Management Part I,4.6,300k,/learn/financial-engineering-1
Science of Exercise,4.8,110k,/learn/science-exercise
Six Sigma Yellow Belt,4.6,29k,/specializations/six-sigma-fundamentals
Advanced Data Science with IBM,4.3,54k,/specializations/advanced-data-science-ibm
AWS Fundamentals,4.7,97k,/specializations/aws-fundamentals
Digital Product Management: Modern Fundamentals,4.7,49k,/learn/uva-darden-digital-product-management
Data Science: Statistics and Machine Learning,4.3,200k,/specializations/data-science-statistics-machine-learning
Food & Beverage Management,4.8,47k,/learn/food-beverage-management
IT Fundamentals for Cybersecurity,4.5,16k,/specializations/it-fundamentals-cybersecurity
Crash Course on Python,4.7,46k,/learn/python-crash-course
Machine Learning for Trading,3.8,12k,/specializations/machine-learning-trading
An Introduction to Programming the Internet of Things (IOT),4.6,240k,/specializations/iot
Investment Management with Python and Machine Learning,4.6,9.7k,/specializations/investment-management-python-machine-learning
Become an EMT,4.8,9.7k,/specializations/become-an-emt
Design and Interpretation of Clinical Trials,4.7,61k,/learn/clinical-trials
Self-Driving Cars,4.7,29k,/specializations/self-driving-cars
Claves de la Dirección de Empresas,4.8,48k,/specializations/direccion-empresas
Machine Learning,4.6,270k,/specializations/machine-learning
Intellectual Property Law,4.8,6.7k,/specializations/introduction-intellectual-property
Финансовые инструменты для частного инвестора,4.7,35k,/specializations/finansovyye-instrumenty
"Anatomy of the Chest, Abdomen, and Pelvis",4.8,28k,/learn/trunk-anatomy
Искусство разработки на современном C++,4.9,40k,/specializations/c-plus-plus-modern-development
TensorFlow: Data and Deployment,4.6,9k,/specializations/tensorflow-data-and-deployment
Interaction Design,4.5,150k,/specializations/interaction-design
Marketing Mix Implementation,4.6,85k,/specializations/marketing-mix
Data Science Methodology,4.6,74k,/learn/data-science-methodology
Statistical Analysis with R for Public Health,4.7,13k,/specializations/statistical-analysis-r-public-health
Business English Communication Skills,4.7,110k,/specializations/business-english
Learning to Teach Online,4.7,46k,/learn/teach-online
Medical Neuroscience,4.9,150k,/learn/medical-neuroscience
Marketing Digital,4.8,65k,/learn/estrategia-marketing-digital
Introduction to Data Science in Python,4.5,330k,/learn/python-data-analysis
Fundamentals of Quantitative Modeling,4.6,100k,/learn/wharton-quantitative-modeling
Introduction to Psychology,4.9,230k,/learn/introduction-psych
From Data to Insights with Google Cloud Platform,4.6,24k,/specializations/from-data-to-insights-google-cloud-platform
Ruby on Rails Web Development,4.8,290k,/specializations/ruby-on-rails
Introduction to Programming in C,4.6,62k,/specializations/c-programming
Introducción a la programación en Python I: Aprendiendo a programar con Python,4.5,95k,/learn/aprendiendo-programar-python
Game Theory,4.6,240k,/learn/game-theory-1
"Hotel Management: Distribution, Revenue and Demand Management",4.7,26k,/specializations/hotel-management
Addiction Treatment: Clinical Skills for Healthcare Providers,4.9,6.1k,/learn/addiction-treatment
Programming with Google Go,4.6,15k,/specializations/google-golang
Web Applications for Everybody,4.8,95k,/specializations/web-applications
Introduction to Financial Accounting,4.7,190k,/learn/wharton-accounting
Unraveling the Cycling City,4.8,3.1k,/learn/unraveling-the-cycling-city
Moralities of Everyday Life,4.8,60k,/learn/moralities
Economics of Money and Banking,4.9,75k,/learn/money-banking
Investment and Portfolio Management,4.5,44k,/specializations/investment-portolio-management
Learn English: Intermediate Grammar,4.7,110k,/specializations/intermediate-grammar
Project Launch,4.7,N / A,/learn/project-management
The Global Financial Crisis,4.8,75k,/learn/global-financial-crisis
Inspired Leadership,4.7,88k,/specializations/inspired-leadership
"Effective Communication: Writing, Design, and Presentation",4.7,85k,/specializations/effective-business-communication
Google Cloud Platform Fundamentals: Core Infrastructure,4.7,250k,/learn/gcp-fundamentals
Bioinformatics,4.6,53k,/specializations/bioinformatics
Using Python to Access Web Data,4.8,270k,/learn/python-network-data
Customer Analytics,4.6,160k,/learn/wharton-customer-analytics
Blockchain,4.6,52k,/specializations/blockchain
Étudier en France: French Intermediate course B1-B2,4.8,150k,/learn/etudier-en-france
Child Nutrition and Cooking,4.7,360k,/learn/childnutrition
Initiating and Planning Projects,4.7,160k,/learn/project-planning
AWS Fundamentals: Going Cloud-Native,4.7,81k,/learn/aws-fundamentals-going-cloud-native
Financial Technology (Fintech) Innovations,4.7,3k,/specializations/financialtechnology
Trading Strategies in Emerging Markets,4.3,57k,/specializations/trading-strategy
Introduction to Discrete Mathematics for Computer Science,4.5,65k,/specializations/discrete-mathematics
Financial Management,4.7,67k,/specializations/financial-management
Site Reliability Engineering: Measuring and Managing Reliability,4.4,14k,/learn/site-reliability-engineering-slos
Fundamentals of Graphic Design,4.8,260k,/learn/fundamentals-of-graphic-design
Marketing Analytics,4.6,120k,/learn/uva-darden-market-analytics
Music Business,4.8,38k,/specializations/music-business
Computational Thinking for Problem Solving,4.8,27k,/learn/computational-thinking-problem-solving
Six Sigma Green Belt,4.7,14k,/specializations/six-sigma-green-belt
Structuring Machine Learning Projects,4.8,200k,/learn/machine-learning-projects
Dynamic Public Speaking,4.7,94k,/specializations/public-speaking
Introduction to Cyber Security,4.7,27k,/specializations/intro-cyber-security
Mathematics for Machine Learning: Linear Algebra,4.7,120k,/learn/linear-algebra-machine-learning
Autism Spectrum Disorder,4.6,49k,/learn/autism-spectrum-disorder
Entrepreneurship 1: Developing the Opportunity,4.8,79k,/learn/wharton-entrepreneurship-opportunity
The Data Scientist’s Toolbox,4.6,380k,/learn/data-scientists-tools
Software Design and Architecture,4.6,54k,/specializations/software-design-architecture
Global Diplomacy – Diplomacy in the Modern World,4.6,70k,/learn/global-diplomacy
International Women's Health and Human Rights,4.8,27k,/learn/womens-health-human-rights
Devenir entrepreneur du changement,4.7,51k,/learn/entrepreneur-changement
Convolutional Neural Networks in TensorFlow,4.7,39k,/learn/convolutional-neural-networks-tensorflow
Contabilidad para no contadores,4.7,200k,/learn/contabilidad
Strategic Management and Innovation,4.7,64k,/specializations/strategic-management
Convolutional Neural Networks,4.9,220k,/learn/convolutional-neural-networks
Nutrición y obesidad: control de sobrepeso,4.8,74k,/learn/nutricion-obesidad-sobrepeso
Practical Data Science with MATLAB,4.8,6.4k,/specializations/practical-data-science-matlab
Developing Your Musicianship,4.8,49k,/specializations/musicianship-specialization
Positive Psychiatry and Mental Health,4.8,54k,/learn/positive-psychiatry
Engineering Project Management,4.7,21k,/specializations/engineering-project-management
First Step Korean,4.8,290k,/learn/learn-korean
Программирование на Python,4.6,49k,/specializations/programming-in-python
Introduction to Systematic Review and Meta-Analysis,4.8,61k,/learn/systematic-review
The Strategy of Content Marketing,4.5,64k,/learn/content-marketing
Understanding the Brain: The Neurobiology of Everyday Life,4.9,110k,/learn/neurobiology
Pricing Strategy Optimization,4.8,18k,/specializations/uva-darden-bcg-pricing-strategy
Introduction to Classical Music,4.9,130k,/learn/introclassicalmusic
English for Business and Entrepreneurship,4.8,200k,/learn/business
Databases and SQL for Data Science,4.7,97k,/learn/sql-data-science
Habilidades Gerenciales,4.7,39k,/specializations/habilidades
Game Design and Development,4.7,95k,/specializations/game-development
Greek and Roman Mythology,4.8,130k,/learn/mythology
Essentials in Clinical Simulations Across the Health Professions,4.8,3k,/learn/clinicalsimulations
Animal Behaviour and Welfare,4.8,61k,/learn/animal-welfare
Learn Chinese: HSK Test Preparation,4.7,34k,/specializations/hsk-learn-chinese
Marketing Strategy,4.3,49k,/specializations/marketing-strategy
Introduction to Scripting in Python,4.7,40k,/specializations/introduction-scripting-in-python
Foundations of Global Health,4.7,29k,/specializations/global-health
Introduction to Computer Science and Programming,4.4,27k,/specializations/introduction-computer-science-programming
Modern Big Data Analysis with SQL,4.8,9.9k,/specializations/cloudera-big-data-analysis-sql
Sports Marketing,4.8,7.9k,/learn/sports-marketing
Forensic Accounting and Fraud Examination,4.7,35k,/learn/forensic-accounting
Sustainable Fashion,4.9,6.4k,/learn/sustainable-fashion
Data Analysis with Python,4.7,88k,/learn/data-analysis-with-python
"TESOL Certificate, Part 2: Teach English Now!",4.9,59k,/specializations/tesol-certificate-2
Positive Psychology: Martin E. P. Seligman’s Visionary Science,4.8,46k,/learn/positive-psychology-visionary-science
Object Oriented Java Programming: Data Structures and Beyond,4.7,240k,/specializations/java-object-oriented
Gestión Empresarial Exitosa para Pymes,4.8,150k,/learn/gestionempresarialpyme
Branding: The Creative Journey,4.5,22k,/specializations/branding-the-creative-journey
Finance for Non-Finance Professionals,4.8,62k,/learn/finance-for-non-finance
The Power of Macroeconomics: Economic Principles in the Real World,4.6,170k,/learn/principles-of-macroeconomics
Python Basics,4.8,72k,/learn/python-basics
Chinese for Beginners,4.7,630k,/learn/learn-chinese
Agile with Atlassian Jira,4.7,33k,/learn/agile-atlassian-jira
Machine Learning with Python,4.7,100k,/learn/machine-learning-with-python
Data Warehousing for Business Intelligence,4.5,130k,/specializations/data-warehousing
Probabilistic Graphical Models,4.6,69k,/specializations/probabilistic-graphical-models
Natural Language Processing in TensorFlow,4.6,31k,/learn/natural-language-processing-tensorflow
Introduction to Philosophy,4.6,340k,/learn/philosophy
"Negotiation, Mediation and Conflict Resolution",4.7,19k,/specializations/negotiation-mediation-conflict-resolution
Excel Skills for Business: Intermediate I,4.9,56k,/learn/excel-intermediate-1
Integrative Health and Medicine,4.7,10k,/specializations/integrative-health-and-medicine
CAD and Digital Manufacturing,4.7,22k,/specializations/cad-design-digital-manufacturing
Positive Psychology,4.7,170k,/learn/positive-psychology
Organizational Analysis,4.7,55k,/learn/organizational-analysis
Introduction to Dental Medicine,4.8,21k,/learn/dental-medicine-penn
"Influencing: Storytelling, Change Management and Governance",4.8,17k,/specializations/influencing-storytelling-change-management
Wine Tasting: Sensory Techniques for Wine Analysis,4.7,26k,/learn/wine
Health Informatics,4.5,5.6k,/specializations/health-informatics
Advanced Business Analytics,4.5,53k,/specializations/data-analytics-business
Write Professional Emails in English,4.7,200k,/learn/professional-emails-english
Russian for beginners А1. Русский язык: A1,4.5,3.8k,/specializations/russian-for-beginners-a1
Revisão Sistemática e Meta-análise,4.8,11k,/learn/revisao-sistematica
Inspirational Leadership: Leading with Sense,4.5,68k,/specializations/inspirational-leadership
Developing APIs with Google Cloud's Apigee API Platform,4.6,15k,/specializations/apigee-api-gcp
Epidemiology for Public Health,4.7,4.9k,/specializations/public-health-epidemiology
English for Journalism,4.8,120k,/learn/journalism
Equine Welfare and Management,4.8,5.9k,/learn/equine
An Introduction to Consumer Neuroscience & Neuromarketing,4.7,61k,/learn/neuromarketing
"The Modern World, Part One: Global History from 1760 to 1910",4.8,120k,/learn/modern-world
"Advanced Valuation and Strategy - M&A, Private Equity, and Venture Capital",4.8,22k,/learn/advanced-valuation-and-strategy
Terrorism and Counterterrorism: Comparing Theory and Practice,4.8,87k,/learn/terrorism
Farmacología para odontólogos,4.7,16k,/learn/farmaco-odontologos
Operating Systems and You: Becoming a Power User,4.6,63k,/learn/os-power-user
Arts and Heritage Management,4.8,13k,/learn/arts-heritage
U.S. Federal Taxation,4.8,11k,/specializations/united-states-federal-taxation
Construction Project Management,4.8,38k,/learn/construction-project-management
Supply Chain Principles,4.6,23k,/learn/supply-chain-principles
Digital Manufacturing & Design Technology,4.5,26k,/specializations/digital-manufacturing-design-technology
Visual Elements of User Interface Design,4.8,42k,/learn/visual-elements-user-interface-design
"Modern Robotics:  Mechanics, Planning, and Control",4.7,19k,/specializations/modernrobotics
Coaching Skills for Managers,4.7,34k,/specializations/coaching-skills-manager
Essentials of Global Health,4.8,21k,/learn/essentials-global-health
Introductory Human Physiology,4.7,240k,/learn/physiology
International Leadership and Organizational Behavior,4.8,34k,/learn/organizational-behavior
Digital Advertising Strategy,4.3,4.5k,/specializations/digital-advertising-strategy
SQL for Data Science,4.6,140k,/learn/sql-for-data-science
R Programming,4.6,450k,/learn/r-programming
Game Design: Art and Concepts,4.6,78k,/specializations/game-design
Understanding Clinical Research: Behind the Statistics,4.8,71k,/learn/clinical-research
C# Programming for Unity Game Development,4.7,29k,/specializations/programming-unity-game-development
Foundations of Management,4.8,57k,/specializations/foundations-management
American Contract Law I,4.9,15k,/learn/contracts-1
Introduction to Breast Cancer,4.9,24k,/learn/breast-cancer-causes-prevention
Troubles du spectre de l'autisme : diagnostic,4.9,4k,/learn/troubles-spectre-autisme-diagnostic
Advanced Machine Learning with TensorFlow on Google Cloud Platform,4.5,28k,/specializations/advanced-machine-learning-tensorflow-gcp
Everyday Parenting: The ABCs of Child Rearing,4.9,74k,/learn/everyday-parenting
"GIS, Mapping, and Spatial Analysis",4.8,9.1k,/specializations/gis-mapping-spatial-analysis
Introduction to Corporate Finance,4.6,120k,/learn/wharton-finance
Marketing Gerencial,4.8,44k,/learn/marketing-gerencial
International Organizations Management,4.8,16k,/learn/international-organizations-management
Introduction to Sustainability,4.8,54k,/learn/sustainability
Marketing in a Digital World,4.7,270k,/learn/marketing-digital
IBM AI Enterprise Workflow,4.5,2.7k,/specializations/ibm-ai-workflow
A Law Student's Toolkit,4.7,84k,/learn/law-student
Entrepreneurial Finance: Strategy and Innovation,4.4,4.6k,/specializations/entrepreneurial-finance
Supporting children with difficulties in reading and writing,4.8,44k,/learn/dyslexia-difficulties
Cybersecurity,4.5,96k,/specializations/cyber-security
Robotics,4.4,110k,/specializations/robotics
Sequence Models,4.8,170k,/learn/nlp-sequence-models
Data Mining,4.4,130k,/specializations/data-mining
Memoir and Personal Essay: Write About Yourself,4.4,10k,/specializations/memoir-personal-essay
Learn to Program: The Fundamentals,4.8,160k,/learn/learn-to-program
Fundamentos de Finanzas Empresariales,4.8,100k,/learn/finanzas-empresariales
"The Sustainable Development Goals – A global, transdisciplinary vision for the future",4.8,20k,/learn/global-sustainable-development
Digital Transformation in Financial Services,4.4,19k,/specializations/digital-transformation-financial-services
Managing the Company of the Future,4.8,32k,/learn/company-future-management
Patient Safety,4.8,7.2k,/specializations/patient-safety
Social Impact Strategy: Tools for Entrepreneurs and Innovators,4.8,20k,/learn/social-impact
"Social Norms, Social Change I",4.6,73k,/learn/norms
Cryptography I,4.8,250k,/learn/crypto
Business Technology Management,4.5,47k,/specializations/business-technology-managment
Epidemiology: The Basic Science of Public Health,4.6,120k,/learn/epidemiology
"Presentation Skills: Speechwriting, Slides and Delivery",4.6,37k,/specializations/presentation-skills
Content Strategy for Professionals,4.5,26k,/specializations/content-strategy
Behavioral Finance,4.4,48k,/learn/duke-behavioral-finance
Oil & Gas Industry Operations and Markets,4.8,49k,/learn/oilandgas
Epidemics - the Dynamics of Infectious Diseases,4.7,41k,/learn/epidemics
Foundational Finance for Strategic Decision Making,4.8,9.3k,/specializations/foundational-finance
Improving Communication Skills,4.6,51k,/learn/wharton-communication-skills
Learn English: Advanced Grammar and Punctuation,4.8,44k,/specializations/advanced-grammar-punctuation
Responsive Website Development and Design,4.5,160k,/specializations/website-development
Weight Management: Beyond Balancing Calories,4.6,22k,/learn/weight-management-beyond-balancing-calories
"Programming Foundations with JavaScript, HTML and CSS",4.6,220k,/learn/duke-programming-web
Project Planning,4.7,N / A,/learn/project-planning-1
The Oral Cavity: Portal to Health and Disease,4.9,7.4k,/learn/oralcavity
Introduction to Mathematical Thinking,4.8,260k,/learn/mathematical-thinking
Business Metrics for Data-Driven Companies,4.6,150k,/learn/analytics-business-metrics
"Energy Production, Distribution & Safety",4.7,16k,/specializations/energy-industry
Cloud Computing,4.4,110k,/specializations/cloud-computing
The Manager's Toolkit: A Practical Guide to Managing People at Work,4.6,37k,/learn/people-management
Clinical Terminology for International and U.S. Students,4.8,26k,/learn/clinical-terminology
Claves para Gestionar Personas,4.8,54k,/learn/gestionar-personas
Big Data – Introducción al uso práctico de datos masivos,4.5,7.5k,/specializations/big-data-introduccion
Instructional Design Foundations and Applications,4.2,9.8k,/learn/instructional-design-foundations-applications
"Sequences, Time Series and Prediction",4.6,24k,/learn/tensorflow-sequences-time-series-and-prediction
Soporte de Tecnologías de la Información de Google,4.9,6.8k,/professional-certificates/soporte-de-tecnologias-de-informacion-google
Algorithms for Battery Management Systems,4.8,10k,/specializations/algorithms-for-battery-management-systems
Основы Digital Маркетинга,4.6,17k,/specializations/fundamentals-digital-marketing
Financial Markets and Investment Strategy,4.6,51k,/specializations/investment-strategy
Introduction to English Common Law,4.8,17k,/learn/intro-common-law
"Speak English Professionally: In Person, Online & On the Phone",4.6,370k,/learn/speak-english-professionally
Introduction to Spreadsheets and Models,4.2,72k,/learn/wharton-introduction-spreadsheets-models
Innovation Management,4.6,34k,/learn/innovation-management
Réussir le Changement,4.5,31k,/learn/reussir-le-changement
Corporate Sustainability. Understanding and Seizing the Strategic Opportunity,4.6,7.5k,/learn/corp-sustainability
Using Databases with Python,4.8,200k,/learn/python-databases
Business Model Innovation,4.7,11k,/learn/business-model
Swift 5 iOS Application Developer,4.4,2.3k,/specializations/swift-5-ios-app-developer
Teamwork Skills: Communicating Effectively in Groups,4.7,21k,/learn/teamwork-skills-effective-communication
Drug Discovery,4.6,32k,/learn/drug-discovery
Introduction to HTML5,4.7,180k,/learn/html
Become a Journalist: Report the News!,4.6,25k,/specializations/become-a-journalist
In the Studio: Postwar Abstract Painting,4.9,53k,/learn/painting
Computational Social Science,4.8,2.6k,/specializations/computational-social-science-ucdavis
Rethinking International Tax Law,4.9,34k,/learn/international-taxation
Inclusión social de personas con discapacidad desde un enfoque de derechos.,3.3,6.9k,/learn/inclusion-social-personas-discapacidad
"Divide and Conquer, Sorting and Searching, and Randomized Algorithms",4.8,120k,/learn/algorithms-divide-conquer
International Humanitarian Law in Theory and Practice,4.8,19k,/learn/international-humanitarian-law
Value Chain Management,4.7,57k,/specializations/value-chain-management
Success,4.8,34k,/learn/wharton-succcess
Power Electronics,4.8,60k,/specializations/power-electronics
Fundraising and Development,4.5,4.2k,/specializations/fundraising-development
Machine Learning and Reinforcement Learning in Finance,3.7,28k,/specializations/machine-learning-reinforcement-finance
Fundamentals of Immunology: Innate Immunity and B-Cell Function,4.7,13k,/learn/immunologyfundamentalsimmunitybcells
Blockchain Revolution in Financial Services,4.4,N / A,/specializations/blockchain-financial-services
Data Visualization with Python,4.6,54k,/learn/python-for-data-visualization
Business Transformation with Google Cloud,4.7,7.7k,/learn/business-transformation-google-cloud
Marketing con Redes Sociales,4.4,57k,/specializations/marketing-redes-sociales
Understanding and Visualizing Data with Python,4.7,23k,/learn/understanding-visualization-data
Negociación exitosa: Estrategias y habilidades esenciales (en español),4.8,84k,/learn/negociacion
Climate Change and Health: From Science to Action,4.6,3.2k,/specializations/climate-change-and-health
Newborn Baby Care,4.8,3.7k,/specializations/newborn-baby-care
The Addicted Brain,4.6,120k,/learn/addiction-and-the-brain
Roman Architecture,4.9,25k,/learn/roman-architecture
Solar Energy Basics,4.7,9.4k,/learn/solar-energy-basics
Cuidados y procedimientos generales en la atención del recién nacido,4.7,18k,/learn/cuidados-del-recien-nacido
"Open Source Software Development, Linux and Git",4.4,9.2k,/specializations/oss-development-linux-git
Children's Human Rights - An Interdisciplinary Introduction,4.7,32k,/learn/childrens-rights
EDIVET: Do you have what it takes to be a veterinarian?,4.7,32k,/learn/becoming-a-veterinarian
Build a Modern Computer from First Principles: From Nand to Tetris (Project-Centered Course),4.9,90k,/learn/build-a-computer
Drug Development,4.6,26k,/learn/drug-development
Разработка интерфейсов: вёрстка и JavaScript,4.5,28k,/specializations/razrabotka-interfeysov
Democracia y decisiones públicas. Introducción al análisis de políticas públicas,4.8,41k,/learn/democracia
Introduction to Artificial Intelligence (AI),4.7,33k,/learn/introduction-to-ai
Investment Management in an Evolving and Volatile World by HEC Paris and AXA Investment Managers,4.6,28k,/learn/investment-management
Information​ ​Systems,4.7,13k,/specializations/information-systems
Cybersecurity for Business,4.7,17k,/specializations/cyber-security-business
Mastering Software Development in R,4.3,50k,/specializations/r
Atención Primaria en Salud: El desafío de las Enfermedades no Transmisibles,4.8,29k,/learn/enfermedades-no-transmisibles
IBM Customer Engagement Specialist Professional Certificate,4.8,2.8k,/learn/ibm-customer-engagement-specialist
Administración de Proyectos: Principios Básicos,4.6,63k,/specializations/administracion-proyectos
Market Research,4.5,18k,/specializations/market-research
Microeconomics Principles,4.8,65k,/learn/microeconomics
Marketing Digital,4.7,36k,/specializations/marketing-digital
Data-driven Decision Making,4.6,110k,/learn/decision-making
System Administration and IT Infrastructure Services,4.7,52k,/learn/system-administration-it-infrastructure-services
"Excel/VBA for Creative Problem Solving, Part 1",4.9,48k,/learn/excel-vba-for-creative-problem-solving-part-1
Engineering Health: Introduction to Yoga and Physiology,4.8,10k,/learn/engineering-health-yoga-physiology
Competitive Strategy and Organization Design,4.7,340k,/specializations/competitive-strategy
Virtual Teacher,4.2,20k,/specializations/virtual-teacher
Fundamentals of Reinforcement Learning,4.8,18k,/learn/fundamentals-of-reinforcement-learning
Version Control with Git,4.8,36k,/learn/version-control-with-git
Machine Learning for Business Professionals,4.6,22k,/learn/machine-learning-business-professionals
The Teacher and Social and Emotional Learning (SEL),4.7,4.5k,/specializations/teacher-sel
SAS Visual Business Analytics,4.6,N / A,/professional-certificates/sas-visual-business-analytics
Healthcare Law,4.6,N / A,/specializations/healthcare-law
Introduction to Programming with MATLAB,4.8,220k,/learn/matlab
Grammar and Punctuation,4.7,400k,/learn/grammar-punctuation
Communication Strategies for a Virtual Age,4.7,19k,/learn/communication-strategies-virtual-age
Write Your First Novel,N / A,8.9k,/learn/write-your-first-novel
Python and Statistics for Financial Analysis,4.4,29k,/learn/python-statistics-financial-analysis
Learn Mandarin Chinese,4.8,33k,/specializations/learn-mandarin
"Epidemics, Pandemics and Outbreaks",4.6,15k,/learn/epidemic-pandemic-outbreak
People Analytics,4.5,79k,/learn/wharton-people-analytics
Fundamentals of GIS,4.8,79k,/learn/gis
Gestión de organizaciones efectivas,4.7,44k,/learn/gestion-organizaciones-efectivas
Making Architecture,4.7,33k,/learn/making-architecture
¿Qué hacen los buenos directivos? Prioridades de la Alta Dirección,4.7,23k,/learn/alta-direccion
Data Management for Clinical Research,4.7,38k,/learn/clinical-data-management
Dog Emotion and Cognition,4.6,130k,/learn/dog-emotion-and-cognition
Objetivos de desarrollo sostenible para América Latina y el Caribe,4.7,3.6k,/learn/objetivos-desarrollo-sostenible
Software Development Lifecycle,4.6,26k,/specializations/software-development-lifecycle
Diversity and inclusion in the workplace,4.7,8.8k,/learn/diversity-inclusion-workplace
Financial Acumen for Non-Financial Managers,4.6,7.7k,/learn/finance-healthcare-managers
Google Cloud Platform Big Data and Machine Learning Fundamentals,4.6,100k,/learn/gcp-big-data-ml-fundamentals
Circular Economy - Sustainable Materials Management,4.8,9k,/learn/circular-economy
Creative Writing: The Craft of Plot,4.7,110k,/learn/craft-of-plot
e-Learning Ecologies: Innovative Approaches to Teaching and Learning for the Digital Age,4.5,15k,/learn/elearning
Mindshift: Break Through Obstacles to Learning and Discover Your Hidden Potential,4.8,170k,/learn/mindshift
Continuous Delivery & DevOps,4.6,21k,/learn/uva-darden-continous-delivery-devops
School Health for Children and Adolescents,4.8,6k,/specializations/school-health-for-children-and-adolescents
Healthcare Marketplace,4.4,33k,/specializations/healthcare-marketplace
Android App Development,4.5,100k,/specializations/android-app-development
Getting Started with Google Kubernetes Engine,4.5,70k,/learn/google-kubernetes-engine
Geopolítica y gobernanza global: riesgos y oportunidades,4.8,32k,/learn/geopoliticaygobernanzaglobal
COVID-19: What You Need to Know (CME Eligible),4.8,7.8k,/learn/covid-19-what-you-need-to-know
Optical Engineering,4.2,5.3k,/specializations/optical-engineering
Introduction to User Experience Design,4.5,79k,/learn/user-experience-design
What is Social?,4.6,88k,/learn/what-is-social
Fundamental Neuroscience for Neuroimaging,4.6,25k,/learn/neuroscience-neuroimaging
Leading: Human Resource Management and Leadership,4.8,11k,/specializations/hr-management-leadership
Kotlin for Java Developers,4.7,32k,/learn/kotlin-for-java-developers
Développement psychologique de l'enfant,4.8,6.7k,/learn/enfant-developpement
Global Diplomacy: the United Nations in the World,4.7,25k,/learn/global-diplomacy-un
Fundamentals of Visualization with Tableau,4.5,72k,/learn/data-visualization-tableau
Introduction to International Criminal Law,4.8,74k,/learn/international-criminal-law
Project Practicum with Multiple Projects,4.7,N / A,/learn/project-practicum-with-multiple-projects
Microeconomics: The Power of Markets,4.7,31k,/learn/microeconomics-part1
Nutrition and Lifestyle in Pregnancy,4.8,30k,/learn/nutrition-pregnancy
Foundations of Public Health Practice,4.7,1.6k,/specializations/foundations-public-health-practice
Wind Energy,4.7,55k,/learn/wind-energy
Virtual Reality,4.6,20k,/specializations/virtual-reality
Les Fondamentaux de la Négociation,4.7,8.6k,/learn/fondamentaux-negociation
Operations Analytics,4.7,76k,/learn/wharton-operations-analytics
Managerial Economics and Business Analysis,4.7,47k,/specializations/managerial-economics-business-analysis
Introduction to Probability and Data,4.7,150k,/learn/probability-intro
Survey Data Collection and Analytics,4.3,43k,/specializations/data-collection
Systems Biology and Biotechnology,4.4,45k,/specializations/systems-biology
Object-Oriented Data Structures in C++,4.8,15k,/learn/cs-fundamentals-1
"Competencias digitales. Herramientas de ofimática (Microsoft Word, Excel, Power Point)",4.6,23k,/learn/competencias-digitales-ofimatica
Finanzas personales,4.7,290k,/learn/finanzas-personales
Introduction to Search Engine Optimization,4.6,82k,/learn/search-engine-optimization
Introduction to Ancient Egypt and Its Civilization,4.6,73k,/learn/introancientegypt
Introduction to Calculus,4.8,36k,/learn/introduction-to-calculus
Public Policy Challenges of the 21st Century,4.6,49k,/learn/public-policy
Financing and Investing in Infrastructure,4.8,22k,/learn/infrastructure-investing
Understanding International Relations Theory,4.7,22k,/learn/international-relations-theory
Entrepreneurship 2: Launching your Start-Up,4.8,35k,/learn/wharton-launching-startup
Greening the Economy: Sustainable Cities,4.6,50k,/learn/gte-sustainable-cities
Administração Financeira,4.8,18k,/learn/administracao-financeira
Explorando la Energía Sustentable,4.8,25k,/learn/explorando-energia-sustentable
Preparing to Manage Human Resources,4.8,57k,/learn/managing-human-resources
Costos para los Negocios,4.8,39k,/learn/costosparanegocios
IBM z/OS Mainframe Practitioner,4.8,1.9k,/professional-certificates/ibm-z-mainframe
Fundamentals of Accounting,4.6,36k,/specializations/accounting-fundamentals
"FinTech: Foundations, Payments, and Regulations",4.7,9.8k,/learn/wharton-fintech-overview-payments-regulations
Biology Meets Programming: Bioinformatics for Beginners,4.4,81k,/learn/bioinformatics
Recommender Systems,4.3,28k,/specializations/recommender-systems
"Parallel, Concurrent, and Distributed Programming in Java",4.5,28k,/specializations/pcdp
Arts and Culture Strategy,4.6,14k,/learn/arts-culture-strategy
Information Visualization,4.6,9.1k,/specializations/information-visualization
Finanzas corporativas,4.6,27k,/specializations/finanzascorporativas
Leadership in 21st Century Organizations,4.8,30k,/learn/leadership-21st-century
Dino 101: Dinosaur Paleobiology,4.9,28k,/learn/dino101
Inspiring and Motivating Individuals,4.8,76k,/learn/motivate-people-teams
Introduction to Operations Management,4.5,83k,/learn/wharton-operations
Medical Cannabis: The Health Effects of THC and CBD,4.8,3.8k,/specializations/health-effects-cannabis-thc-cbd
Understanding Financial Markets,4.7,70k,/learn/understanding-financial-markets
Bayesian Statistics: From Concept to Data Analysis,4.6,85k,/learn/bayesian-statistics
The Arts and Science of Relationships: Understanding Human Needs,4.4,48k,/learn/human-needs
Introduction to Forensic Science,4.8,39k,/learn/forensic-science
Искусство ведения бизнеса,4.5,11k,/specializations/iskusstvo-vedeniya-biznesa
Anticorrupción: Introducción a conceptos y perspectiva práctica,4.8,7.6k,/learn/anticorrupcion-introduccion
"Resilience in Children Exposed to Trauma, Disaster and War: Global Perspectives",4.8,13k,/learn/resilience-in-children
English for Research Publication Purposes,4.6,37k,/specializations/english-for-research-publication-purposes
The Introduction to Quantum Computing,4.4,16k,/learn/quantum-computing-algorithms
IT Security: Defense against the digital dark arts,4.8,50k,/learn/it-security
Liderazgo efectivo para el siglo XXI,4.8,20k,/specializations/liderazgo-efectivo
Politics and Economics of International Energy,4.7,32k,/learn/global-energy
Supply Chain Logistics,4.7,53k,/learn/supply-chain-logistics
Understanding Research Methods,4.5,110k,/learn/research-methods
Introduction to Web Development,4.6,63k,/learn/web-development
Front-End Web UI Frameworks and Tools: Bootstrap 4,4.8,67k,/learn/bootstrap-4
Design-Led Strategy: Design thinking for business strategy and entrepreneurship,4.6,15k,/learn/design-strategy
Implementing RPA with Cognitive Automation and Analytics,4.5,N / A,/specializations/rpa-cognitive-analytics
Art & Activity: Interactive Strategies for Engaging with Art,4.8,71k,/learn/art-activity
Ancient Philosophy: Plato & His Predecessors,4.8,68k,/learn/plato
Conflict Management,4.2,63k,/specializations/conflict-management
Spanish Vocabulary: Meeting People,4.6,56k,/learn/spanish-vocabulary-meeting-people
Building Scalable Java Microservices with Spring Boot and Spring Cloud,4.3,20k,/learn/google-cloud-java-spring
How Things Work: An Introduction to Physics,4.8,150k,/learn/how-things-work
International Law in Action: the Arbitration of International Disputes,4.8,14k,/learn/arbitration-international-disputes
Strategic Business Analytics,4.3,57k,/specializations/strategic-analytics
Understanding Einstein: The Special Theory of Relativity,4.9,83k,/learn/einstein-relativity
How to Start Your Own Business,4.1,31k,/specializations/start-your-own-business
Egiptología (Egyptology),4.9,42k,/learn/egypt
Positive Psychology: Resilience Skills,4.9,35k,/learn/positive-psychology-resilience
FinTech Law and Policy,4.8,8.2k,/learn/fintechlawandpolicy
Hacia una práctica constructivista en el aula,4.8,59k,/learn/aulaconstructivista
Getting Started with SAS Programming,4.9,19k,/learn/sas-programming-basics
"Transmedia Storytelling: Narrative worlds, emerging technologies, and global audiences",4.8,38k,/learn/transmedia-storytelling
Fundamentos Empresariales,4.6,24k,/specializations/wharton-fundamentos-empresariales
Business English for Non-Native Speakers,4.5,100k,/specializations/business-english-speakers
Java Programming: Solving Problems with Software,4.6,140k,/learn/java-programming
Interviewing and Resume Writing in English,4.7,64k,/specializations/english-interview-resume
International Security Management,4.4,N / A,/learn/international-security-management
"Competencias Laborales: Perfiles, Evaluación y Capacitación.",4.3,21k,/learn/competencias-lab
Fundamentals of Engineering Exam Review,4.7,43k,/learn/fe-exam
"Introduction to Trading, Machine Learning & GCP",3.9,11k,/learn/introduction-trading-machine-learning-gcp
Essentials of Corporate Finance,4.6,52k,/specializations/learn-finance
Design: Creation of Artifacts in Society,4.7,31k,/learn/design
Introducción a Data Science: Programación Estadística con R,4.7,130k,/learn/intro-data-science-programacion-estadistica-r
Art & Ideas: Teaching with Themes,4.8,21k,/learn/ideas
Getting Started With Music Theory,4.5,48k,/learn/music-theory
Graphic Design Elements for Non-Designers,4.6,6.2k,/specializations/graphic-design-elements-non-designers
Data Science Math Skills,4.5,100k,/learn/datasciencemathskills
Miracles of Human Language: An Introduction to Linguistics,4.7,110k,/learn/human-language
Global Disease Masterclass,4.7,N / A,/specializations/gmph-global-disease-masterclass
Hacking Exercise For Health. The surprising new science of fitness.,4.7,21k,/learn/hacking-exercise-health
Supply Chain Finance and Blockchain Technology,4.5,4.2k,/specializations/supply-chain-finance-and-blockchain-technology
Model Thinking,4.8,120k,/learn/model-thinking
Biohacking Your Brain's Health,4.6,27k,/learn/biohacking-your-brains-health
Mountains 101,4.9,36k,/learn/mountains-101
"Applied Plotting, Charting & Data Representation in Python",4.5,88k,/learn/python-plotting
Drug Commercialization,4.7,15k,/learn/drug-commercialization
Getting Started with Google Sheets,4.6,12k,/learn/getting-started-with-google-sheets
Budgeting and Scheduling Projects,4.7,79k,/learn/schedule-projects
Antibiotic Stewardship,4.6,8.5k,/learn/antibiotic-stewardship
User Interface Design,4.6,40k,/specializations/user-interface-design
A Life of Happiness and Fulfillment,4.8,290k,/learn/happiness
De-Mystifying Mindfulness,4.8,140k,/learn/mindfulness
Introduction to Genetics and Evolution,4.8,68k,/learn/genetics-evolution
Embedding Sensors and Motors,4.6,15k,/specializations/embedding-sensors-motors
Driving business towards the Sustainable Development Goals,4.8,4k,/learn/sdgbusiness
Business English,4.7,33k,/specializations/english-for-business
Mathematics for Machine Learning: Multivariate Calculus,4.7,45k,/learn/multivariate-calculus-machine-learning
Data and Health Indicators in Public Health Practice,4.7,17k,/learn/data-public-health
Actualización en el manejo del paciente con diabetes mellitus tipo 2,4.8,17k,/learn/actualizacion-manejo-diabetes-tipo-2
Sport Sponsorship. Let them Play,4.4,6.7k,/learn/sport-sponsorship
Managerial Accounting Fundamentals,4.9,9.3k,/learn/uva-darden-managerial-accounting
Sports and Society,4.8,14k,/learn/sports-society
Plant Bioinformatic Methods,4.7,81k,/specializations/plant-bioinformatic-methods
Excel Skills for Business: Intermediate II,4.8,29k,/learn/excel-intermediate-2
Teach English Now! Foundational Principles,4.9,77k,/learn/english-principles
Leading Healthcare Quality and Safety,4.8,14k,/learn/quality-healthcare
Astronomy: Exploring Time and Space,4.8,82k,/learn/astro
Computer Security and Systems Management,4.6,22k,/specializations/computer-security-systems-management
Introduction to Engineering Mechanics,4.7,130k,/learn/engineering-mechanics-statics
Palo Alto Networks Cybersecurity,4.7,6.9k,/specializations/palo-alto-networks-cybersecurity
Social Policy for Social Services & Health Practitioners,4.9,3k,/specializations/social-welfare-policy
"Globalization, Economic Growth and Stability",4.8,42k,/specializations/globalization-economic-growth-and-stability
Personal & Family Financial Planning,4.6,60k,/learn/family-planning
Introduction to Blockchain Technologies,4.8,13k,/learn/introduction-blockchain-technologies
Intelligence Tools for the Digital Age,4.7,5.3k,/learn/intelligence-tools-digital-age
L'excellence opérationnelle en pratique,4.7,6.2k,/learn/excellence-operationnelle
Architecting with Google Cloud Platform 日本語版,4.5,3.4k,/specializations/gcp-architecture-jp
Algorithmic Toolbox,4.7,190k,/learn/algorithmic-toolbox
International Business Essentials,4.5,19k,/specializations/mba
Process Mining: Data science in Action,4.8,37k,/learn/process-mining
Estrategia de marketing,4.4,10k,/specializations/estrategia-de-marketing
The Science of Training Young Athletes,4.8,12k,/learn/youth-sports
The Science of Success: What Researchers Know that You Should Know,4.8,36k,/learn/success
Understanding Cancer Metastasis,4.8,26k,/learn/cancer-metastasis
Patrocinio Deportivo,4.6,10k,/learn/patrocinio-deportivo
Global Energy and Climate Policy,4.6,9.1k,/learn/globalenergyandclimatepolicy
Предприми себя!,4.9,23k,/learn/nudge-yourself
Anatomy: Musculoskeletal and Integumentary Systems,4.8,15k,/learn/anatomy403-1x
"Python Functions, Files, and Dictionaries",4.8,18k,/learn/python-functions-files-dictionaries
Summary Statistics in Public Health,4.8,8.7k,/learn/summary-statistics
Strategic Sales Management,4.5,7.7k,/specializations/sales-management-bridging-gap-strategy-sales
Strategy and Sustainability,4.5,9.5k,/learn/strategy-sustainability
Aprender,4.8,180k,/learn/aprendo
The Power of Microeconomics: Economic Principles in the Real World,4.6,110k,/learn/principles-of-microeconomics
Applied Data Science Capstone,4.7,34k,/learn/applied-data-science-capstone
International Law In Action: Investigating and Prosecuting International Crimes,4.8,21k,/learn/international-law-in-action-2
Global Environmental Management,4.6,19k,/learn/global-environmental-management
Healing with the Arts,4.6,28k,/learn/healing-with-the-arts
Sales Operations/Management,4.3,4.4k,/specializations/sales-operations
Learn English: Advanced Academic Speaking and Listening,4.5,72k,/specializations/speaklistenenglish
Spanish for Successful Communication in Healthcare Settings,4.8,9.4k,/learn/spanish-in-healthcare-settings
Introdução à Ciência da Computação com Python Parte 1,4.9,110k,/learn/ciencia-computacao-python-conceitos
Foundations of Marketing Analytics,4.3,25k,/specializations/marketing-analytics
Mathematics for Data Science,4.6,7.2k,/specializations/mathematics-for-data-science
Supply Chain Analytics,4.7,3.5k,/learn/supply-chain-analytics
"Capstone: Retrieving, Processing, and Visualizing Data with Python",4.6,66k,/learn/python-data-visualization
International migrations: a global issue,4.6,9.2k,/learn/international-migrations
Using Python to Interact with the Operating System,4.7,11k,/learn/python-operating-system
Agile Meets Design Thinking,4.7,62k,/learn/uva-darden-getting-started-agile
Access Controls,4.6,2.5k,/learn/access-control-sscp
Introduction to Electronics,4.7,99k,/learn/electronics
Customer Segmentation and Prospecting,4.8,16k,/learn/customer-segmentation-prospecting
What is Compliance?,4.9,4.9k,/learn/what-is-compliance
Learn to Speak Korean 1,4.9,86k,/learn/learn-speak-korean1
Implant Dentistry,4.9,25k,/learn/implant-dentistry
Essential Google Cloud Infrastructure: Foundation,4.7,72k,/learn/gcp-infrastructure-foundation
Design Thinking for the Greater Good: Innovation in the Social Sector,4.6,14k,/learn/uva-darden-design-thinking-social-sector
Functional Programming Principles in Scala,4.8,170k,/learn/progfun1
Introduction to Systems Engineering,4.7,31k,/learn/systems-engineering
Marketing Verde,4.8,54k,/learn/marketing-verde
Econometrics: Methods and Applications,4.6,110k,/learn/erasmus-econometrics
Getting Started with AWS Machine Learning,4.4,41k,/learn/aws-machine-learning
Claves para la innovación en la docencia universitaria,4.8,4k,/learn/innovacion-docencia-universitaria
Innovation: From Creativity to Entrepreneurship,4.7,20k,/specializations/innovation-creativity-entrepreneurship
Entrepreneurship: Launching an Innovative Business,4.6,68k,/specializations/business-entrepreneurship
"Cameras, Exposure, and Photography",4.7,120k,/learn/exposure-photography
Introducción a la Minería de Datos,4.7,16k,/learn/mineria-de-datos-introduccion
Learn English,4,15k,/specializations/learn-english
Reporting extra-financier et stratégie RSE,4.7,4.6k,/learn/reporting-extra-financier-strategie-rse
Entrepreneurship 3: Growth Strategies,4.7,28k,/learn/growth-strategy
Managing Social and Human Capital,4.5,24k,/learn/wharton-social-human-capital
Introduction to Data Analysis Using Excel,4.7,88k,/learn/excel-data-analysis
The Social Context of Mental Health and Illness,4.6,17k,/learn/mental-health
Fundamentals of Music Theory,4.6,170k,/learn/edinburgh-music-theory
Health Behavior Change: From Evidence to Action,N / A,N / A,/learn/health-behavior-change
Managing Project Risks and Changes,4.7,65k,/learn/project-risk-management
Systems Thinking In Public Health,4.6,31k,/learn/systems-thinking
Excel aplicado a los negocios (Nivel Avanzado),4.7,45k,/learn/excel-aplicado-negocios-avanzado
Renewable Energy and Green Building Entrepreneurship,4.7,18k,/learn/renewable-energy-entrepreneurship
Basic Statistics,4.7,170k,/learn/basic-statistics
Diseño y Creación de un Emprendimiento Social,4.8,17k,/learn/emprendimiento-social-negocios-sustentable-canvas-sociales
Representaciones culturales de las sexualidades,4.8,29k,/learn/representaciones-culturales
A Crash Course in Causality:  Inferring Causal Effects from Observational Data,4.7,16k,/learn/crash-course-in-causality
Практики анализа экономических данных от простого к сложному,4.8,12k,/specializations/analiz-ekonomicheskikh-dannykh
"English for Science, Technology, Engineering, and Mathematics",4.8,100k,/learn/stem
"Corrección, estilo y  variaciones de la lengua española",4.6,71k,/learn/correccion-estilo-variaciones
Corporate Finance Essentials,4.8,50k,/learn/corporate-finance-essentials
Ecology: Ecosystem Dynamics and Conservation,4.8,11k,/learn/ecology-conservation
Computational Neuroscience,4.7,64k,/learn/computational-neuroscience
Project Execution,4.2,N / A,/learn/project-execution
Introduction to Neuroeconomics: How the Brain Makes Decisions,4.7,84k,/learn/neuroeconomics
The Cycle: Management of Successful Arts and Cultural Organizations,4.8,10k,/learn/the-cycle
Entrepreneurship Strategy: From Ideation to Exit,4.8,17k,/learn/entrepreneurship-strategy
Internet Giants: The Law and Economics of Media Platforms,4.8,36k,/learn/internetgiants
Machine Learning for All,4.5,5.3k,/learn/uol-machine-learning-for-all
Feminism and Social Justice,4.8,12k,/learn/feminism-social-justice
International Marketing & Cross Industry Growth,4.6,24k,/specializations/international-marketing
Music and Social Action,4.6,15k,/learn/music-and-social-action
Design and Make Infographics (Project-Centered Course),4.7,88k,/learn/infographic-design
Epigenetic Control of Gene Expression,4.8,32k,/learn/epigenetics
Introduction to Software Product Management,4.6,62k,/learn/introduction-to-software-product-management
Introduction to Key Constitutional Concepts and Supreme Court Cases,4.8,19k,/learn/constitution
Основы программирования на Python,4.6,74k,/learn/python-osnovy-programmirovaniya
Think Again I: How to Understand Arguments,4.7,170k,/learn/understanding-arguments
Songwriting: Writing the Lyrics,4.8,63k,/learn/songwriting-lyrics
Foundations of Data Science: K-Means Clustering in Python,4.7,4.6k,/learn/data-science-k-means-clustering-python
Cuidado de heridas en el ámbito hospitalario,4.7,17k,/learn/cuidado-heridas
Sample-based Learning Methods,4.8,5.4k,/learn/sample-based-learning-methods
Mastering Data Analysis in Excel,4.2,270k,/learn/analytics-excel
"Information Systems Auditing, Controls and Assurance",4.7,2.2k,/learn/information-systems-audit
Finance for Non-Financial Managers,4.4,11k,/learn/finance-for-non-financial-managers
UX / UI: Fundamentos para o design de interface,4.5,19k,/learn/ux-ui-design-de-interface
Русский как иностранный,4.9,9k,/specializations/russkiy-kak-inostrannyy
"Leading for Equity, Diversity and Inclusion in Higher Education",4.7,5.3k,/learn/leading-for-equity-diversity-inclusion
European Business Law: Understanding the Fundamentals,4.8,26k,/learn/european-law-fundamentals
Introduction to Portfolio Construction and Analysis with Python,4.9,8.1k,/learn/introduction-portfolio-construction-python
ADHD: Everyday Strategies for Elementary Students,4.7,36k,/learn/adhd-treatment
Sustainable Tourism – promoting environmental public health,4.6,6.9k,/learn/sustainable-tourism
Healthcare Organization Operations,4.6,4k,/specializations/healthcare-organization-operations
Introduction to Typography,4.8,66k,/learn/typography
UX Design Fundamentals,4.8,20k,/learn/ux-design-fundamentals
Applied Machine Learning in Python,4.6,140k,/learn/python-machine-learning
Tricky American English Pronunciation,4.7,87k,/learn/tricky-american-english-pronunciation
Magic in the Middle Ages,4.6,72k,/learn/magic-middle-ages
Six Sigma Principles,4.6,25k,/learn/six-sigma-principles
Introduction to G Suite,4.7,7.1k,/learn/introduction-g-suite
Exploring Renewable Energy Schemes,4.7,2.6k,/learn/exploring-renewable-energy
The Art of Music Production,4.8,43k,/learn/producing-music
FinTech: Finance Industry Transformation and Regulation,4.6,11k,/specializations/fintech
Classical Sociological Theory,4.8,47k,/learn/classical-sociological-theory
Perfect Tenses and Modals,4.7,68k,/learn/perfect-tenses-modals
Teaching Character and Creating Positive Classrooms,4.8,50k,/learn/teaching-character
Fundamentos de Excel para Negocios,4.7,130k,/learn/excel-para-negocios
"Creatividad, diseño e innovación: Técnicas y herramientas",4.7,150k,/specializations/creatividad-diseno-innovacion
Stories of Infection,4.9,26k,/learn/stories-of-infection
Digital Signal Processing,4.7,65k,/learn/dsp
Age of Cathedrals,4.7,18k,/learn/age-of-cathedrals
Introduction aux Droits de l’Homme,4.8,44k,/learn/droits-de-lhomme
Problem Solving with Excel,4.7,90k,/learn/excel-analysis
Aprendiendo a aprender: Poderosas herramientas mentales con las que podrás dominar temas difíciles (Learning How to Learn),4.9,150k,/learn/aprendiendo-a-aprender
Autodesk CAD/CAM/CAE for Mechanical Engineering,4.9,N / A,/specializations/autodesk-cad-cam-cae-mechanical-engineering
Strategising: Management for Global Competitive Advantage,4.8,5.8k,/specializations/strategic-management-competitive-advantage
Agile и Scrum в работе над проектами и продуктами,4.9,11k,/learn/upravleniya-proektami-agile-scrum
Introduction to Cybersecurity Tools & Cyber Attacks,4.5,14k,/learn/introduction-cybersecurity-cyber-attacks
Bayesian Statistics: Techniques and Models,4.7,27k,/learn/mcmc-bayesian-statistics
Corporate & Commercial Law I: Contracts & Employment Law,4.8,8.1k,/learn/corporate-commercial-law-part1
Cryptocurrency and Blockchain: An Introduction to Digital Currencies,4.6,6.9k,/learn/wharton-cryptocurrency-blockchain-introduction-digital-currency
Boosting Creativity for Innovation,4.7,7k,/learn/boosting-creativity-innovation
Understanding Plants - Part I: What a Plant Knows,4.8,43k,/learn/plantknows
"C++ For C Programmers, Part A",4.4,120k,/learn/c-plus-plus-a
Becoming a Sports Agent,4.7,5.7k,/learn/sports-agent
Spacecraft Dynamics and Control,4.8,11k,/specializations/spacecraft-dynamics-control
L'avenir de la décision : connaître et agir en complexité,4.7,35k,/learn/lavenir-de-la-decision
Scaling Operations: Linking Strategy and Execution,4.6,11k,/learn/operations-strategy
Accounting for Decision Making,4.8,7.6k,/learn/accounting
Accounting Analytics,4.5,77k,/learn/accounting-analytics
"The Holocaust - An Introduction (I): Nazi Germany: Ideology, The Jews and the World",4.8,36k,/learn/holocaust-introduction-1
Análisis de Datos para la toma de decisiones,4.3,48k,/specializations/analisis-datos
The Technology of Music Production,4.8,25k,/learn/technology-of-music-production
Business Writing,4.7,41k,/learn/writing-for-business
Unity XR: How to Build AR and VR Apps,4.1,10k,/specializations/unity-xr
Geopolitics of Europe,4.4,17k,/learn/geopolitics-europe
Modernizing Data Lakes and Data Warehouses with GCP,4.7,4.5k,/learn/data-lakes-data-warehouses-gcp
程序设计与算法,4.8,83k,/specializations/biancheng-suanfa
Programming Fundamentals,4.7,52k,/learn/programming-fundamentals
Autodesk Certified Professional: Revit for Architectural Design Exam Prep,4.6,4.6k,/learn/autodesk-revit-architectural-design
Improving Leadership & Governance in Nonprofit Organizations,4.4,17k,/specializations/nonprofit
Getting Started with Go,4.6,14k,/learn/golang-getting-started
Positive Psychology: Applications and Interventions,4.8,20k,/learn/positive-psychology-applications
Homeland Security and Cybersecurity,4.7,4.7k,/specializations/homeland-security-cybersecurity
Introduction to Economic Theories,4.5,18k,/learn/intro-economic-theories
Smart Cities – Management of Smart Urban Infrastructures,4.6,19k,/learn/smart-cities
Internet Connection: How to Get Online?,4.7,32k,/learn/internet-connection-how-to-get-online
Introduction to User Experience Principles and Processes,4.8,13k,/learn/introtoux-principles-and-processes
Schizophrenia,4.7,16k,/learn/schizophrenia
Álgebra Básica,4.8,160k,/learn/algebra-basica
Introduction to Personal Branding,4.3,100k,/learn/personal-branding
Security & Safety Challenges in a Globalized World,4.7,13k,/learn/security-safety-globalized-world
Математика и Python для анализа данных,4.8,65k,/learn/mathematics-and-python
Introduction to Public Speaking,4.8,76k,/learn/public-speaking
Jazz Improvisation,4.8,55k,/learn/jazz-improvisation
Fundamentos de la escritura,4.6,30k,/learn/escritura-esp
Sustentabilidad y Economías Sociales,4.7,19k,/learn/sustentabilidad-economias-sociales
Secure Coding Practices,4.4,4.3k,/specializations/secure-coding-practices
Probabilistic Graphical Models 1: Representation,4.7,67k,/learn/probabilistic-graphical-models
Practical Time Series Analysis,4.6,35k,/learn/practical-time-series-analysis
Bugs 101: Insect-Human Interactions,4.9,11k,/learn/bugs-101
Gut Check: Exploring Your Microbiome,4.7,58k,/learn/microbiome
Marketing e vendas B2B: Fechando novos negócios,4.8,13k,/learn/marketing-vendas-b2b
Introdução aos Princípios e Práticas da Gestão De Projetos,4.9,4k,/specializations/gestao-de-projetos-introducao-usp
New Approaches to Countering Terror: Countering Violent Extremism,4.6,N / A,/learn/countering-terror-violent-extremism
Become a Sustainable Business Change Agent,4.7,3.6k,/specializations/sustainable-business-change-agent
Introduction to Logic,4.5,140k,/learn/logic-introduction
Sales Training for High Performing Teams,4.7,13k,/specializations/sales-training-high-performing-teams
Introduction to Chemistry:  Reactions and Ratios,4.8,37k,/learn/intro-chemistry
Periodismo digital y combate a las fake news,4.9,6.4k,/learn/periodismo-digital
Programa en Desarrollo de nuevas empresas,4.7,35k,/specializations/desarrollo-nuevas-empresas
Liderazgo Instruccional: Perspectiva Global y Prácticas Locales,4.8,24k,/learn/liderazgo-educativo
Stanford's Short Course on Breastfeeding,4.7,13k,/learn/breastfeeding
"L'impact investing, la finance qui change le monde",4.6,6k,/specializations/impact-investing
Creative Thinking: Techniques and Tools for Success,4.6,19k,/learn/creative-thinking-techniques-and-tools-for-success
Introduction to FPGA Design for Embedded Systems,4.6,32k,/learn/intro-fpga-design-embedded-systems
Desarrollo de aplicaciones móviles con Android,4.6,63k,/specializations/programacion-android
Introduction to Embedded Systems Software and Development Environments,4.6,37k,/learn/introduction-embedded-systems
Implementación del Marketing Mix,4.7,21k,/specializations/implementacion-marketing-mix
"Recruiting, Hiring, and Onboarding Employees",4.7,31k,/learn/recruiting-hiring-onboarding-employees
Introducción a la Producción Audiovisual,4.7,42k,/learn/intro-produccion-audiovisual
Introduction to Self-Driving Cars,4.8,25k,/learn/intro-self-driving-cars
International Cyber Conflicts,4.4,22k,/learn/cyber-conflicts
"Ready, Set, Future! Introduction to Futures Thinking",4.8,5.9k,/learn/introduction-to-futures-thinking
Everyday Chinese Medicine,4.7,17k,/learn/everyday-chinese-medicine
Introduction to Statistics & Data Analysis in Public Health,4.7,9.8k,/learn/introduction-statistics-data-analysis-public-health
Engineering Project Management: Initiating and Planning,4.7,16k,/learn/initiating-planning
Introduction to Cyber Attacks,4.7,23k,/learn/intro-cyber-attacks
Estadística y probabilidad,4.6,18k,/learn/estadistica-probabilidad
Business English: Networking,4.7,68k,/learn/business-english-intro
Palliative Care: It's Not Just Hospice Anymore,4.8,2.5k,/specializations/palliative-care
Municipal Solid Waste Management in Developing Countries,4.8,55k,/learn/solid-waste-management
"The Modern World, Part Two: Global History since 1910",4.8,44k,/learn/modern-world-2
Water Resources Management and Policy,4.6,19k,/learn/water-management
Managing Major Engineering Projects,4.7,3.5k,/specializations/managing-major-engineering-projects
Information Security: Context and Introduction,4.6,27k,/learn/information-security-data
Buenas Prácticas en Libre Competencia,4.8,3.9k,/learn/libre-competencia
Quantitative Methods,4.7,65k,/learn/quantitative-methods
The fundamentals of hotel distribution,4.7,16k,/learn/hotel-distribution
Excel Skills for Business: Advanced,4.7,31k,/learn/excel-advanced
Search Engine Optimization Fundamentals,4.7,41k,/learn/seo-fundamentals
Communicating During Global Emergencies,4.7,3.1k,/learn/communicating-during-global-emergencies
English Composition I,4.6,180k,/learn/english-composition
The Unix Workbench,4.8,28k,/learn/unix
Introduction to Genomic Technologies,4.5,39k,/learn/introduction-genomics
Epidemics,4.8,4.9k,/learn/hkuepidemics
Machine Learning Foundations: A Case Study Approach,4.6,220k,/learn/ml-foundations
Building Conversational Experiences with Dialogflow,4.5,13k,/learn/conversational-experiences-dialogflow
Modeling Risk and Realities,4.6,34k,/learn/wharton-risk-models
Blockchain: Foundations and Use Cases,4.7,29k,/learn/blockchain-foundations-and-use-cases
Disaster Preparedness,4.7,20k,/learn/disaster-preparedness
Software Processes and Agile Practices,4.7,56k,/learn/software-processes-and-agile-practices
Legal Tech & Startups,4.5,6.2k,/learn/legal-tech-startups
Corporate Strategy,4.8,6k,/learn/corporatestrategy
"Globalización, Crecimiento Económico y Estabilidad",4.9,13k,/specializations/globalizacion-crecimiento-economico-y-estabilidad
Essential Google Cloud Infrastructure: Core Services,4.7,60k,/learn/gcp-infrastructure-core-services
A Journey through Western Christianity: from Persecuted Faith to Global Religion (200 - 1650),4.7,19k,/learn/western-christianity-200-1650
Managing Your Health: The Role of Physical Therapy and Exercise,4.6,9.9k,/learn/physical-therapy-exercise
Wonders of Ancient Egypt,4.8,15k,/learn/wonders-ancient-egypt
Ecosystem Services: a Method for Sustainable Development,4.7,14k,/learn/ecosystem-services
Astrobiology and the Search for Extraterrestrial Life,4.7,64k,/learn/astrobiology
The Changing Global Order,4.7,21k,/learn/changing-global-order
Entreprendre dans les Industries Culturelles à l'ère du numérique,4.7,3.9k,/learn/entreprendre-culture
Preventing Chronic Pain: A Human Systems Approach,4.7,13k,/learn/chronic-pain
The Economics of Health Care Delivery,4.7,6.2k,/learn/health-economics-us-healthcare-systems
Sexualidad...mucho más que sexo,4.8,100k,/learn/sexualidad
Autodesk Certified Professional: AutoCAD for Design and Drafting Exam Prep,4.8,8.5k,/learn/autodesk-autocad-design-drafting
From the Big Bang to Dark Energy,4.8,47k,/learn/big-bang
Leading the Life You Want,4.6,19k,/learn/leading-the-life-you-want
Frozen in the Ice: Exploring the Arctic,N / A,N / A,/learn/frozen-in-the-ice
Auditing I: Conceptual Foundations of Auditing,4.5,8k,/learn/auditing-part1-conceptual-foundations
Diseño Instruccional: Aprendizaje activo y Pedagogía digital,4.6,3.3k,/specializations/diseno-instruccional
Influencer Marketing Strategy,4.4,9.1k,/learn/influencer-marketing-strategy
Créer et développer une startup technologique,4.6,23k,/learn/startup-technologique
Teach English Now! Teaching Language Online,4.4,5.8k,/learn/teachlanguageonline
Journey of the Universe: A Story for Our Times,4.7,20k,/specializations/journey-of-the-universe
Hot Topics in Criminal Justice,4.6,1.9k,/learn/hot-topics-criminal-justice
Introduction to Thermodynamics: Transferring Energy from Here to There,4.8,51k,/learn/thermodynamics-intro
Introduction to CSS3,4.8,73k,/learn/introcss
Major Depression in the Population: A Public Health Approach,4.7,17k,/learn/public-health-depression
Blockchain Basics,4.6,47k,/learn/blockchain-basics
The Future of Payment Technologies,4.8,2.2k,/learn/paytech
Social and Economic Networks:  Models and Analysis,4.8,38k,/learn/social-economic-networks
Éxito Profesional,4.5,66k,/specializations/exito-profesional
Machine Learning: Algorithms in the Real World,4.6,5.6k,/specializations/machine-learning-algorithms-real-world
Психолингвистика (Psycholinguistics),4.8,19k,/learn/psikholingvistika
Cómo hablar bien en público,4.8,44k,/learn/hablar-bien-en-publico
"Sleep: Neurobiology, Medicine, and Society",4.8,16k,/learn/sleep
Genomics: Decoding the Universal Language of Life,4.7,15k,/learn/genomics-research
Math behind Moneyball,4.5,8.4k,/learn/mathematics-sport
Foundations of Business Strategy,4.8,58k,/learn/uva-darden-foundations-business-strategy
Эффективный руководитель,4.7,12k,/specializations/effektivnyy-rukovoditel
Data Analysis and Interpretation,4.4,100k,/specializations/data-analysis
Discrete Optimization,4.9,38k,/learn/discrete-optimization
Health Information Literacy for Data Analytics,4.5,4.4k,/specializations/healthcare-information-literacy-data-analytics
Meditation: A way to achieve your goals in your life,4.6,29k,/learn/self-reflection-meditation
Construction Scheduling,4.8,13k,/learn/construction-scheduling
Sharpened Visions: A Poetry Workshop,4.7,55k,/learn/poetry-workshop
Art & Inquiry: Museum Teaching Strategies For Your Classroom,4.7,23k,/learn/artinquiry
Introduction to Computer Programming,4.3,17k,/learn/introduction-to-computer-programming
Developing Your Musicianship,4.8,37k,/learn/develop-your-musicianship
Цифровой SMM-проект: виртуальная платформа для бизнес-коммуникаций,4.4,11k,/specializations/digital-smm
How To Create a Website in a Weekend! (Project-Centered Course),3.3,130k,/learn/how-to-create-a-website
Data Collection and Processing with Python,4.7,14k,/learn/data-collection-processing-python
Психология сознания (Psychology of consciousness),4.7,21k,/learn/psikhologiya-soznaniya
Construction Cost Estimating and Cost Control,4.7,17k,/learn/construction-cost-estimating
Los gobiernos locales como actores internacionales,4.7,14k,/learn/gobiernos-locales
Valuation and Financial Analysis For Startups,4.3,12k,/specializations/startup-valuation
Challenging Forensic Science: How Science Should Speak to Court,4.8,2.9k,/learn/challenging-forensic-science
Global Financial Markets and Instruments,4.6,33k,/learn/global-financial-markets-instruments
"Tropical Parasitology: Protozoans, Worms, Vectors and Human Diseases",4.7,11k,/learn/parasitology
Fundamentals of Scalable Data Science,4.3,25k,/learn/ds
Financial Planning for Young Adults,4.5,26k,/learn/financial-planning
Code Yourself! An Introduction to Programming,4.7,97k,/learn/intro-programming
Data Visualization and Communication with Tableau,4.7,130k,/learn/analytics-tableau
Russian History: from Lenin to Putin,4.8,19k,/learn/russian-history-lenin-putin
Cybersecurity and Its Ten Domains,4.2,130k,/learn/cyber-security-domain
Write A Feature Length Screenplay For Film Or Television,N / A,5.1k,/learn/write-a-feature-length-screenplay-for-film-or-television
América Latina en los cambios internacionales: amenazas y oportunidades.,4.4,30k,/learn/america-latina
Основы разработки на C++: белый пояс,4.9,38k,/learn/c-plus-plus-white
"Bienestar, equidad y derechos humanos",4.8,18k,/learn/bienestar-equidad-derechos-humanos
Advertising and Society,4.7,12k,/learn/role-of-advertising
Python Data Products for Predictive Analytics,4.2,7.6k,/specializations/python-data-products-for-predictive-analytics
More Introduction to Financial Accounting,4.9,38k,/learn/wharton-financial-accounting
Creative Problem Solving,4.1,120k,/learn/creative-problem-solving
Suporte em TI do Google,4.9,4.6k,/professional-certificates/suporte-em-ti-do-google
Estrategias de Negociación,4.7,38k,/specializations/negociacion
Build a Modern Computer from First Principles: Nand to Tetris Part II (project-centered course),5,22k,/learn/nand2tetris2
Six Sigma and the Organization (Advanced),4.7,11k,/learn/six-sigma-organization-advanced
Introdução ao Marketing Analítico,4.7,36k,/learn/marketing-analitico
The Basics of Trauma Surgery,4,N / A,/learn/trauma-surgery-basics
"Creativity, Innovation, and Change",4.4,54k,/learn/creativity-innovation
Exploratory Data Analysis with MATLAB,4.8,5.6k,/learn/exploratory-data-analysis-matlab
Global Trends for Business and Society,4.8,6k,/learn/wharton-global-trends-business
Measuring Disease in Epidemiology,4.7,3.7k,/learn/measuring-disease-epidemiology
Introduction to Intellectual Property,4.8,4.6k,/learn/introduction-intellectual-property
Entrepreneurship 4: Financing and Profitability,4.8,22k,/learn/wharton-entrepreneurship-financing-profitabilty
Guitar for Beginners,4.8,170k,/learn/guitar
Foundations for Big Data Analysis with SQL,4.8,7.4k,/learn/foundations-big-data-analysis-sql
Data Science at Scale,4.2,72k,/specializations/data-science
Evaluación educativa,4.8,12k,/specializations/evaluacion-educativa
Scalable Machine Learning on Big Data using Apache Spark,4,7.4k,/learn/machine-learning-big-data-apache-spark
Introduction to Big Data,4.6,140k,/learn/big-data-introduction
Music Business Foundations,4.9,32k,/learn/music-business-foundations
Effective Business Presentations with Powerpoint,4.6,51k,/learn/powerpoint-presentations
"High Performance Collaboration: Leadership, Teamwork, and Negotiation",4.8,42k,/learn/leadership-collaboration
Desarrollo rápido de productos innovadores para mercados emergentes,4.6,29k,/learn/innovacion
Getting Started with AI using IBM Watson,4.5,8.5k,/learn/ai-with-ibm-watson
Introduction to Algae,4.7,7.2k,/learn/algae
Financial Reporting,4.8,10k,/specializations/financial-reporting
Improving your statistical inferences,4.9,35k,/learn/statistical-inferences
Russian for beginners 1. Русский язык: A1,4.3,3.1k,/learn/russian-a1-part1
Dermatology: Trip to skin,4.5,4.8k,/learn/dermatology
Digital Business Models,4.5,19k,/learn/digital-business-models
Building High-Performing Teams,4.8,8.9k,/learn/high-performing-teams
Aprendiendo a Aprender,5,3.9k,/learn/aprendiendo-a-aprender-ie
Browser-based Models with TensorFlow.js,4.7,7.3k,/learn/browser-based-models-tensorflow
Effective Compliance Programs,4.9,2.6k,/learn/effective-compliance-programs
The Science of Stem Cells,4.7,9.1k,/learn/stem-cells
Gestão de Operações,4.8,7.6k,/learn/gestao-de-operacoes
Translation quality management,4.4,2.4k,/learn/management-translation-quality
Exploring ​and ​Preparing ​your ​Data with BigQuery,4.7,22k,/learn/gcp-exploring-preparing-data-bigquery
Migrating to Google Cloud Platform,N / A,2.1k,/learn/migrating-to-gcp
Development of Secure Embedded Systems,4.3,51k,/specializations/embedded-systems-security
Outbreaks and Epidemics,4.8,1.7k,/learn/outbreaks-epidemics
English for Media Literacy,4.9,51k,/learn/media
Health in Complex Humanitarian Emergencies,4.7,6.7k,/learn/health-che
Oceanografía: una clave para entender mejor nuestro mundo,4.7,12k,/learn/oceanografia
Applying Data Analytics in Marketing,4.4,2.2k,/learn/applying-data-analytics-business-in-marketing
"¿Cómo persuadir? Jugando con palabras, imágenes y números",4.4,88k,/learn/como-persuadir
AWS Fundamentals: Building Serverless Applications,4.7,20k,/learn/aws-fundamentals-building-serverless-applications
Building Batch Data Pipelines on GCP,4.5,3.4k,/learn/batch-data-pipelines-gcp
Construction Finance,4.7,13k,/learn/construction-finance
Погружение в Python,4.7,43k,/learn/diving-in-python
Get Interactive: Practical Teaching with Technology,4.7,10k,/learn/getinmooc
Stochastic processes,4.5,22k,/learn/stochasticprocesses
"Big Data Essentials: HDFS, MapReduce and Spark RDD",4,35k,/learn/big-data-essentials
Computer Communications,4.7,19k,/specializations/computer-communications
Aspectos básicos de la planificación y la gestión de proyectos,4.8,6.8k,/learn/uva-darden-project-management-es
Privacy Law and Data Protection,4.8,4.2k,/learn/privacy-law-data-protection
The Truth About Cats and Dogs,4.7,26k,/learn/cats-and-dogs
Introduction to Environmental Law and Policy,4.8,30k,/learn/environmental-law
An Introduction to Interactive Programming in Python (Part 1),4.8,150k,/learn/interactive-python-1
A Crash Course in Data Science,4.5,130k,/learn/data-science-course
Architecting with Google Kubernetes Engine 日本語版,4.5,3.2k,/specializations/architecting-google-kubernetes-engine-jp
Aboriginal Worldviews and Education,4.7,5.9k,/learn/aboriginal-education
Osteoarchaeology: The Truth in Our Bones,4.7,20k,/learn/truthinourbones-osteoarchaeology-archaeology
Esports,4.5,N / A,/specializations/esports
Whole genome sequencing of bacterial genomes - tools and applications,4.6,15k,/learn/wgs-bacteria
Fundamentals of Digital Image and Video Processing,4.6,83k,/learn/digital
Becoming a changemaker: Introduction to Social Innovation,4.8,45k,/learn/social-innovation
Introduction to Ableton Live,4.8,58k,/learn/ableton-live
"Programming Languages, Part A",4.9,78k,/learn/programming-languages
Introduction to Business Analytics: Communicating with Data,4.8,10k,/learn/intro-business-analytics
The Evolving Universe,4.6,52k,/learn/evolvinguniverse
Digital Analytics for Marketing Professionals: Marketing Analytics in Theory,4.5,70k,/learn/marketing-analytics
Foundations of Everyday Leadership,4.8,54k,/learn/everyday-leadership-foundation
How Google does Machine Learning,4.6,57k,/learn/google-machine-learning
Nanotechnology: A Maker’s Course,4.8,18k,/learn/nanotechnology
Diseño de proyectos para promover el bienestar,4.6,25k,/learn/diseno-proyectos-promocion-bienestar
Корпоративные финансы и стоимость компании,4.5,15k,/specializations/korporativnyye-finansy
Trading Basics,4.1,43k,/learn/trading-basics
Risk in Modern Society,4.7,4.3k,/learn/risk-in-modern-society
Strategic Management,4.7,55k,/learn/strategic-management
Global Challenges in Business,4.6,11k,/specializations/global-challenges-business
Antimicrobial resistance - theory and methods,4.6,27k,/learn/antimicrobial-resistance
